best_logit,LR_at_truth,LR95_thresh_df2
3.853855609893799,3.2634806632995605,5.99
