Parameter,Estimate,Truth
beta1,0.6776819,1.8
gamma1,0.4046684,0.4
beta2,2.2446766,1.2
gamma2,0.42292053,1.1
